<?xml version="1.0" encoding="UTF-8"?>
<!DOCTYPE suite SYSTEM "http://testng.org/testng-1.0.dtd">
<suite name="All Test Suite">

    <test name="iLabWebTest_1">
        <parameter name="Browser" value="chrome"/>
        <parameter name="iLab" value="https://www.ilabquality.com/"/>
        <parameter name="DataStore" value="MYSQL"/>
        <classes>
            <class name="AssessmentTwo.webTest.test">
            </class>
        </classes>
    </test>

    <test name="iLabWebTest_2">
        <parameter name="Browser" value="firefox"/>
        <parameter name="iLab" value="https://www.ilabquality.com/"/>
        <parameter name="DataStore" value="MYSQL"/>
        <classes>
            <class name="AssessmentTwo.webTest.test">
            </class>
        </classes>
    </test>

    <test name="iLabWebTest_3">
        <parameter name="Browser" value="microsoft edge"/>
        <parameter name="iLab" value="https://www.ilabquality.com/"/>
        <parameter name="DataStore" value="MYSQL"/>
        <classes>
            <class name="AssessmentTwo.webTest.test">
            </class>
        </classes>
    </test>

</suite>