<?xml version="1.0" encoding="UTF-8"?>
<!DOCTYPE suite SYSTEM "http://testng.org/testng-1.0.dtd">
<suite name="All Test Suite" parallel="methods" verbose="1" configfailurepolicy="continue" thread-count="5">

    <listeners>
        <listener class-name=""/>
    </listeners>

    <!--<test verbose="2" preserve-order="true" name="C:/Users/ilabadmin/Desktop/New/AutomationTrainingBDD/AutomationTrainingBDD/src/test/java/training/WebUtilities">
        <classes/>
    </test>-->

    <test name="adactin_1">
        <parameter name="Browser" value="chrome"/>
        <parameter name="adactin" value="http://adactinhotelapp.com/"/>
        <parameter name="DataStore" value="MYSQL"/>
        <classes>
        <class name="training.features.HotelRunner">
        </class>
        </classes>
    </test>

    <test name="adactin_2">
        <parameter name="Browser" value="firefox"/>
        <parameter name="iLab" value="http://adactinhotelapp.com"/>
        <parameter name="DataStore" value="MYSQL"/>
         <classes>
        <class name="training.features.HotelRunner">
        </class>
        </classes>
    </test>

    <test name="adactin_3">
        <parameter name="Browser" value="edge"/>
        <parameter name="iLab" value="http://adactinhotelapp.com/"/>
        <parameter name="DataStore" value="MYSQL"/>
        <classes>
        <class name="training.features.HotelRunner">
        </class>
        </classes>
    </test>
</suite>